stock_code,event_date,market,currency,close,change,change_pct,source,source_url,fetched_at
009150 KS,2026-07-23,KR,KRW,1448000.0,103000.0,7.658,Yahoo Finance,https://query1.finance.yahoo.com/v8/finance/chart/009150.KS?period1=1784073600&period2=1785024000&interval=1d&events=history,2026-07-26T23:06:18+08:00
1216,2026-07-31,TWSE,TWD,73.8,-1.8,-2.381,TWSE,https://www.twse.com.tw/rwd/zh/afterTrading/MI_INDEX?date=20260731&type=ALLBUT0999&response=json,2026-08-01T17:16:55+08:00
1303,2026-07-24,TWSE,TWD,177.5,-19.5,-9.8985,TWSE,https://www.twse.com.tw/rwd/zh/afterTrading/MI_INDEX?date=20260724&type=ALLBUT0999&response=json,2026-07-26T23:06:18+08:00
1717,2026-07-31,TWSE,TWD,59.9,4.2,7.5404,TWSE,https://www.twse.com.tw/rwd/zh/afterTrading/MI_INDEX?date=20260731&type=ALLBUT0999&response=json,2026-08-01T17:16:25+08:00
2059,2026-07-27,TWSE,TWD,8275.0,540.0,6.9813,TWSE,https://www.twse.com.tw/rwd/zh/afterTrading/MI_INDEX?date=20260727&type=ALLBUT0999&response=json,2026-07-27T22:12:40+08:00
2303,2026-07-24,TWSE,TWD,128.0,-10.5,-7.5812,TWSE,https://www.twse.com.tw/rwd/zh/afterTrading/MI_INDEX?date=20260724&type=ALLBUT0999&response=json,2026-07-26T23:06:18+08:00
2308,2026-07-24,TWSE,TWD,1785.0,-95.0,-5.0532,TWSE,https://www.twse.com.tw/rwd/zh/afterTrading/MI_INDEX?date=20260724&type=ALLBUT0999&response=json,2026-07-26T23:06:18+08:00
2308,2026-07-31,TWSE,TWD,1640.0,110.0,7.1895,TWSE,https://www.twse.com.tw/rwd/zh/afterTrading/MI_INDEX?date=20260731&type=ALLBUT0999&response=json,2026-08-01T17:16:55+08:00
2317,2026-07-31,TWSE,TWD,250.5,21.0,9.1503,TWSE,https://www.twse.com.tw/rwd/zh/afterTrading/MI_INDEX?date=20260731&type=ALLBUT0999&response=json,2026-08-01T17:16:55+08:00
2330,2026-07-31,TWSE,TWD,2425.0,220.0,9.9773,TWSE,https://www.twse.com.tw/rwd/zh/afterTrading/MI_INDEX?date=20260731&type=ALLBUT0999&response=json,2026-08-01T17:16:25+08:00
2345,2026-07-24,TWSE,TWD,2220.0,-105.0,-4.5161,TWSE,https://www.twse.com.tw/rwd/zh/afterTrading/MI_INDEX?date=20260724&type=ALLBUT0999&response=json,2026-07-26T23:06:18+08:00
2345,2026-07-31,TWSE,TWD,2125.0,190.0,9.8191,TWSE,https://www.twse.com.tw/rwd/zh/afterTrading/MI_INDEX?date=20260731&type=ALLBUT0999&response=json,2026-08-01T17:16:25+08:00
2357,2026-07-24,TWSE,TWD,771.0,2.0,0.2601,TWSE,https://www.twse.com.tw/rwd/zh/afterTrading/MI_INDEX?date=20260724&type=ALLBUT0999&response=json,2026-07-26T23:06:18+08:00
2360,2026-07-24,TWSE,TWD,2080.0,-75.0,-3.4803,TWSE,https://www.twse.com.tw/rwd/zh/afterTrading/MI_INDEX?date=20260724&type=ALLBUT0999&response=json,2026-07-26T23:06:18+08:00
2360,2026-07-31,TWSE,TWD,2100.0,190.0,9.9476,TWSE,https://www.twse.com.tw/rwd/zh/afterTrading/MI_INDEX?date=20260731&type=ALLBUT0999&response=json,2026-08-01T17:16:25+08:00
2379,2026-07-31,TWSE,TWD,683.0,-14.0,-2.0086,TWSE,https://www.twse.com.tw/rwd/zh/afterTrading/MI_INDEX?date=20260731&type=ALLBUT0999&response=json,2026-08-01T17:16:55+08:00
2383,2026-07-24,TWSE,TWD,4755.0,-340.0,-6.6732,TWSE,https://www.twse.com.tw/rwd/zh/afterTrading/MI_INDEX?date=20260724&type=ALLBUT0999&response=json,2026-07-26T23:06:18+08:00
2383,2026-07-27,TWSE,TWD,4815.0,60.0,1.2618,TWSE,https://www.twse.com.tw/rwd/zh/afterTrading/MI_INDEX?date=20260727&type=ALLBUT0999&response=json,2026-07-27T22:12:37+08:00
2383,2026-07-31,TWSE,TWD,4745.0,430.0,9.9652,TWSE,https://www.twse.com.tw/rwd/zh/afterTrading/MI_INDEX?date=20260731&type=ALLBUT0999&response=json,2026-08-01T17:16:25+08:00
2408,2026-07-24,TWSE,TWD,401.0,-25.0,-5.8685,TWSE,https://www.twse.com.tw/rwd/zh/afterTrading/MI_INDEX?date=20260724&type=ALLBUT0999&response=json,2026-07-26T23:06:18+08:00
2412,2026-07-31,TWSE,TWD,139.5,-1.0,-0.7117,TWSE,https://www.twse.com.tw/rwd/zh/afterTrading/MI_INDEX?date=20260731&type=ALLBUT0999&response=json,2026-08-01T17:16:55+08:00
2454,2026-07-24,TWSE,TWD,3750.0,-125.0,-3.2258,TWSE,https://www.twse.com.tw/rwd/zh/afterTrading/MI_INDEX?date=20260724&type=ALLBUT0999&response=json,2026-07-26T23:06:18+08:00
2454,2026-07-31,TWSE,TWD,3555.0,320.0,9.8918,TWSE,https://www.twse.com.tw/rwd/zh/afterTrading/MI_INDEX?date=20260731&type=ALLBUT0999&response=json,2026-08-01T17:16:25+08:00
2481,2026-07-31,TWSE,TWD,117.5,10.5,9.8131,TWSE,https://www.twse.com.tw/rwd/zh/afterTrading/MI_INDEX?date=20260731&type=ALLBUT0999&response=json,2026-08-01T17:16:25+08:00
285A JP,2026-07-23,JP,JPY,61880.0,-2390.0,-3.7187,Yahoo Finance,https://query1.finance.yahoo.com/v8/finance/chart/285A.T?period1=1784073600&period2=1785024000&interval=1d&events=history,2026-07-26T23:06:18+08:00
2884,2026-07-31,TWSE,TWD,38.65,0.95,2.5199,TWSE,https://www.twse.com.tw/rwd/zh/afterTrading/MI_INDEX?date=20260731&type=ALLBUT0999&response=json,2026-08-01T17:16:55+08:00
2886,2026-07-31,TWSE,TWD,53.1,1.6,3.1068,TWSE,https://www.twse.com.tw/rwd/zh/afterTrading/MI_INDEX?date=20260731&type=ALLBUT0999&response=json,2026-08-01T17:16:55+08:00
2887,2026-07-31,TWSE,TWD,35.95,2.8,8.4465,TWSE,https://www.twse.com.tw/rwd/zh/afterTrading/MI_INDEX?date=20260731&type=ALLBUT0999&response=json,2026-08-01T17:16:55+08:00
2890,2026-07-31,TWSE,TWD,40.6,1.75,4.5045,TWSE,https://www.twse.com.tw/rwd/zh/afterTrading/MI_INDEX?date=20260731&type=ALLBUT0999&response=json,2026-08-01T17:16:55+08:00
2912,2026-07-31,TWSE,TWD,224.0,-6.0,-2.6087,TWSE,https://www.twse.com.tw/rwd/zh/afterTrading/MI_INDEX?date=20260731&type=ALLBUT0999&response=json,2026-08-01T17:16:55+08:00
300408 CH,2026-07-24,CN,CNY,100.84,-4.71,-4.4623,Yahoo Finance,https://query1.finance.yahoo.com/v8/finance/chart/300408.SZ?period1=1784160000&period2=1785110400&interval=1d&events=history,2026-07-26T23:06:18+08:00
3008,2026-07-31,TWSE,TWD,4035.0,320.0,8.6137,TWSE,https://www.twse.com.tw/rwd/zh/afterTrading/MI_INDEX?date=20260731&type=ALLBUT0999&response=json,2026-08-01T17:16:25+08:00
3017,2026-07-24,TWSE,TWD,2380.0,-60.0,-2.459,TWSE,https://www.twse.com.tw/rwd/zh/afterTrading/MI_INDEX?date=20260724&type=ALLBUT0999&response=json,2026-07-26T23:06:18+08:00
3017,2026-07-31,TWSE,TWD,2320.0,210.0,9.9526,TWSE,https://www.twse.com.tw/rwd/zh/afterTrading/MI_INDEX?date=20260731&type=ALLBUT0999&response=json,2026-08-01T17:16:55+08:00
3036,2026-07-31,TWSE,TWD,196.5,13.0,7.0845,TWSE,https://www.twse.com.tw/rwd/zh/afterTrading/MI_INDEX?date=20260731&type=ALLBUT0999&response=json,2026-08-01T17:16:55+08:00
3037,2026-07-23,TWSE,TWD,896.0,-11.0,-1.2128,TWSE,https://www.twse.com.tw/rwd/zh/afterTrading/MI_INDEX?date=20260723&type=ALLBUT0999&response=json,2026-07-26T23:06:18+08:00
3037,2026-07-24,TWSE,TWD,839.0,-57.0,-6.3616,TWSE,https://www.twse.com.tw/rwd/zh/afterTrading/MI_INDEX?date=20260724&type=ALLBUT0999&response=json,2026-07-26T23:06:18+08:00
3037,2026-07-31,TWSE,TWD,787.0,71.0,9.9162,TWSE,https://www.twse.com.tw/rwd/zh/afterTrading/MI_INDEX?date=20260731&type=ALLBUT0999&response=json,2026-08-01T17:16:25+08:00
3045,2026-07-31,TWSE,TWD,112.5,-1.5,-1.3158,TWSE,https://www.twse.com.tw/rwd/zh/afterTrading/MI_INDEX?date=20260731&type=ALLBUT0999&response=json,2026-08-01T17:16:55+08:00
3231,2026-07-24,TWSE,TWD,179.0,5.5,3.17,TWSE,https://www.twse.com.tw/rwd/zh/afterTrading/MI_INDEX?date=20260724&type=ALLBUT0999&response=json,2026-07-26T23:06:18+08:00
3231,2026-07-31,TWSE,TWD,176.0,16.0,10.0,TWSE,https://www.twse.com.tw/rwd/zh/afterTrading/MI_INDEX?date=20260731&type=ALLBUT0999&response=json,2026-08-01T22:49:25+08:00
3450,2026-07-27,TWSE,TWD,438.0,11.0,2.5761,TWSE,https://www.twse.com.tw/rwd/zh/afterTrading/MI_INDEX?date=20260727&type=ALLBUT0999&response=json,2026-07-27T22:12:37+08:00
3653,2026-07-31,TWSE,TWD,3445.0,310.0,9.8884,TWSE,https://www.twse.com.tw/rwd/zh/afterTrading/MI_INDEX?date=20260731&type=ALLBUT0999&response=json,2026-08-01T17:16:25+08:00
3665,2026-07-24,TWSE,TWD,2205.0,-80.0,-3.5011,TWSE,https://www.twse.com.tw/rwd/zh/afterTrading/MI_INDEX?date=20260724&type=ALLBUT0999&response=json,2026-07-26T23:06:18+08:00
3665,2026-07-27,TWSE,TWD,2150.0,-55.0,-2.4943,TWSE,https://www.twse.com.tw/rwd/zh/afterTrading/MI_INDEX?date=20260727&type=ALLBUT0999&response=json,2026-07-27T22:12:37+08:00
3665,2026-07-31,TWSE,TWD,2100.0,190.0,9.9476,TWSE,https://www.twse.com.tw/rwd/zh/afterTrading/MI_INDEX?date=20260731&type=ALLBUT0999&response=json,2026-08-01T17:16:25+08:00
3711,2026-07-24,TWSE,TWD,613.0,-36.0,-5.547,TWSE,https://www.twse.com.tw/rwd/zh/afterTrading/MI_INDEX?date=20260724&type=ALLBUT0999&response=json,2026-07-26T23:06:18+08:00
4958,2026-07-24,TWSE,TWD,482.0,-24.0,-4.7431,TWSE,https://www.twse.com.tw/rwd/zh/afterTrading/MI_INDEX?date=20260724&type=ALLBUT0999&response=json,2026-07-26T23:06:18+08:00
4979,2026-07-24,TPEX,TWD,426.5,19.0,4.6626,TPEX,https://www.tpex.org.tw/www/zh-tw/afterTrading/dailyQuotes?date=2026%2F07%2F24&id=&response=json,2026-07-26T23:06:18+08:00
5274,2026-07-24,TPEX,TWD,14730.0,-810.0,-5.2124,TPEX,https://www.tpex.org.tw/www/zh-tw/afterTrading/dailyQuotes?date=2026%2F07%2F24&id=&response=json,2026-07-26T23:06:18+08:00
5274,2026-07-31,TPEX,TWD,14525.0,1320.0,9.9962,TPEX,https://www.tpex.org.tw/www/zh-tw/afterTrading/dailyQuotes?date=2026%2F07%2F31&id=&response=json,2026-08-01T17:16:25+08:00
5347,2026-07-31,TPEX,TWD,151.5,13.5,9.7826,TPEX,https://www.tpex.org.tw/www/zh-tw/afterTrading/dailyQuotes?date=2026%2F07%2F31&id=&response=json,2026-08-01T22:49:25+08:00
6223,2026-07-24,TPEX,TWD,5705.0,-545.0,-8.72,TPEX,https://www.tpex.org.tw/www/zh-tw/afterTrading/dailyQuotes?date=2026%2F07%2F24&id=&response=json,2026-07-26T23:06:18+08:00
6239,2026-07-24,TWSE,TWD,279.5,-14.5,-4.932,TWSE,https://www.twse.com.tw/rwd/zh/afterTrading/MI_INDEX?date=20260724&type=ALLBUT0999&response=json,2026-07-26T23:06:18+08:00
6239,2026-07-31,TWSE,TWD,235.5,21.0,9.7902,TWSE,https://www.twse.com.tw/rwd/zh/afterTrading/MI_INDEX?date=20260731&type=ALLBUT0999&response=json,2026-08-01T17:16:55+08:00
6285,2026-07-24,TWSE,TWD,249.5,-9.0,-3.4816,TWSE,https://www.twse.com.tw/rwd/zh/afterTrading/MI_INDEX?date=20260724&type=ALLBUT0999&response=json,2026-07-26T23:06:18+08:00
6669,2026-07-24,TWSE,TWD,5730.0,260.0,4.7532,TWSE,https://www.twse.com.tw/rwd/zh/afterTrading/MI_INDEX?date=20260724&type=ALLBUT0999&response=json,2026-07-26T23:06:18+08:00
6669,2026-07-31,TWSE,TWD,5390.0,490.0,10.0,TWSE,https://www.twse.com.tw/rwd/zh/afterTrading/MI_INDEX?date=20260731&type=ALLBUT0999&response=json,2026-08-01T17:16:55+08:00
6805,2026-07-24,TWSE,TWD,1410.0,-45.0,-3.0928,TWSE,https://www.twse.com.tw/rwd/zh/afterTrading/MI_INDEX?date=20260724&type=ALLBUT0999&response=json,2026-07-26T23:06:18+08:00
6871 JP,2026-07-24,JP,JPY,15360.0,-1010.0,-6.1698,Yahoo Finance,https://query1.finance.yahoo.com/v8/finance/chart/6871.T?period1=1784160000&period2=1785110400&interval=1d&events=history,2026-07-26T23:06:18+08:00
6981 JP,2026-07-24,JP,JPY,8311.0,-227.0,-2.6587,Yahoo Finance,https://query1.finance.yahoo.com/v8/finance/chart/6981.T?period1=1784160000&period2=1785110400&interval=1d&events=history,2026-07-26T23:06:18+08:00
8021,2026-07-24,TWSE,TWD,370.0,-36.5,-8.9791,TWSE,https://www.twse.com.tw/rwd/zh/afterTrading/MI_INDEX?date=20260724&type=ALLBUT0999&response=json,2026-07-26T23:06:18+08:00
AEHR US,2026-07-24,US,USD,76.32,-12.19,-13.7725,Yahoo Finance,https://query1.finance.yahoo.com/v8/finance/chart/AEHR?period1=1784160000&period2=1785110400&interval=1d&events=history,2026-07-26T23:06:18+08:00
AMAT US,2026-07-23,US,USD,562.8,8.88,1.6031,Yahoo Finance,https://query1.finance.yahoo.com/v8/finance/chart/AMAT?period1=1784073600&period2=1785024000&interval=1d&events=history,2026-07-26T23:06:18+08:00
AMD US,2026-07-23,US,USD,539.69,-12.64,-2.2885,Yahoo Finance,https://query1.finance.yahoo.com/v8/finance/chart/AMD?period1=1784073600&period2=1785024000&interval=1d&events=history,2026-07-26T23:06:18+08:00
CRDO US,2026-07-23,US,USD,236.5,8.23,3.6054,Yahoo Finance,https://query1.finance.yahoo.com/v8/finance/chart/CRDO?period1=1784073600&period2=1785024000&interval=1d&events=history,2026-07-26T23:06:18+08:00
CRDO US,2026-07-24,US,USD,213.15,-23.35,-9.8732,Yahoo Finance,https://query1.finance.yahoo.com/v8/finance/chart/CRDO?period1=1784160000&period2=1785110400&interval=1d&events=history,2026-07-26T23:06:18+08:00
CRWD US,2026-07-30,US,USD,185.22,5.84,3.2557,Yahoo Finance,https://query1.finance.yahoo.com/v8/finance/chart/CRWD?period1=1784678400&period2=1785628800&interval=1d&events=history,2026-08-01T22:49:25+08:00
GE US,2026-07-30,US,USD,355.04,4.41,1.2577,Yahoo Finance,https://query1.finance.yahoo.com/v8/finance/chart/GE?period1=1784678400&period2=1785628800&interval=1d&events=history,2026-08-01T22:49:25+08:00
LITE US,2026-07-23,US,USD,833.64,3.94,0.4749,Yahoo Finance,https://query1.finance.yahoo.com/v8/finance/chart/LITE?period1=1784073600&period2=1785024000&interval=1d&events=history,2026-07-26T23:06:18+08:00
LITE US,2026-07-24,US,USD,762.99,-70.65,-8.4749,Yahoo Finance,https://query1.finance.yahoo.com/v8/finance/chart/LITE?period1=1784160000&period2=1785110400&interval=1d&events=history,2026-07-26T23:06:18+08:00
LMT US,2026-07-31,US,USD,582.74,8.63,1.5032,Yahoo Finance,https://query1.finance.yahoo.com/v8/finance/chart/LMT?period1=1784764800&period2=1785715200&interval=1d&events=history,2026-08-01T17:16:25+08:00
MRVL US,2026-07-23,US,USD,209.32,-1.67,-0.7915,Yahoo Finance,https://query1.finance.yahoo.com/v8/finance/chart/MRVL?period1=1784073600&period2=1785024000&interval=1d&events=history,2026-07-26T23:06:18+08:00
MU US,2026-07-23,US,USD,990.21,30.73,3.2028,Yahoo Finance,https://query1.finance.yahoo.com/v8/finance/chart/MU?period1=1784073600&period2=1785024000&interval=1d&events=history,2026-07-26T23:06:18+08:00
MU US,2026-07-24,US,USD,920.95,-69.26,-6.9945,Yahoo Finance,https://query1.finance.yahoo.com/v8/finance/chart/MU?period1=1784160000&period2=1785110400&interval=1d&events=history,2026-07-26T23:06:18+08:00
PANW US,2026-07-31,US,USD,331.83,6.15,1.8884,Yahoo Finance,https://query1.finance.yahoo.com/v8/finance/chart/PANW?period1=1784764800&period2=1785715200&interval=1d&events=history,2026-08-01T17:16:25+08:00
SNDK US,2026-07-23,US,USD,1610.33,11.0599,0.6916,Yahoo Finance,https://query1.finance.yahoo.com/v8/finance/chart/SNDK?period1=1784073600&period2=1785024000&interval=1d&events=history,2026-07-26T23:06:18+08:00
SNOW US,2026-07-31,US,USD,293.28,-4.82,-1.6169,Yahoo Finance,https://query1.finance.yahoo.com/v8/finance/chart/SNOW?period1=1784764800&period2=1785715200&interval=1d&events=history,2026-08-01T17:16:25+08:00
STX US,2026-07-23,US,USD,913.36,5.26,0.5792,Yahoo Finance,https://query1.finance.yahoo.com/v8/finance/chart/STX?period1=1784073600&period2=1785024000&interval=1d&events=history,2026-07-26T23:06:18+08:00
TSEM US,2026-07-24,US,USD,233.37,-27.05,-10.3871,Yahoo Finance,https://query1.finance.yahoo.com/v8/finance/chart/TSEM?period1=1784160000&period2=1785110400&interval=1d&events=history,2026-07-26T23:06:18+08:00
WDC US,2026-07-23,US,USD,558.3,1.63,0.2928,Yahoo Finance,https://query1.finance.yahoo.com/v8/finance/chart/WDC?period1=1784073600&period2=1785024000&interval=1d&events=history,2026-07-26T23:06:18+08:00
WDC US,2026-07-24,US,USD,519.8,-38.5,-6.8959,Yahoo Finance,https://query1.finance.yahoo.com/v8/finance/chart/WDC?period1=1784160000&period2=1785110400&interval=1d&events=history,2026-07-26T23:06:18+08:00
