stock_code,stock_name,etf_code,fund_code,current_increase_streak,latest_share_change,streak_total_share_change,latest_shares,latest_weight_pct,streak_start_date,latest_as_of_date,snapshot_count
1303,南亞,00988A,61YTW,2,400000.0,1750000.0,2250000.0,1.32,2026-10-06,2026-10-07,68
6787 JP,MEIKO ELECTRONICS CO LTD,00988A,61YTW,2,55100.0,79000.0,79000.0,0.8,2026-10-06,2026-10-07,68
MRVL US,MARVELL TECHNOLOGY INC,00988A,61YTW,1,60000.0,60000.0,150000.0,2.54,2026-10-07,2026-10-07,68
BE US,BLOOM ENERGY CORP- A,00988A,61YTW,1,30000.0,30000.0,420000.0,7.27,2026-10-07,2026-10-07,68
AMD US,ADVANCED MICRO DEVICES.amd us(超微半導體公司),00988A,61YTW,1,18000.0,18000.0,68000.0,2.61,2026-10-07,2026-10-07,68
009150 KS,Samsung Electro-Mechanics co(009150 ks),00988A,61YTW,0,0.0,0.0,70000.0,4.98,,2026-10-07,68
010120 KS,LS ELECTRIC CO LTD,00988A,61YTW,0,0.0,0.0,30000.0,0.47,,2026-10-07,68
095340 KS,ISC CO LTD,00988A,61YTW,0,0.0,0.0,11006.0,0.08,,2026-10-07,68
2308,台達電,00988A,61YTW,0,0.0,0.0,100000.0,0.37,,2026-10-07,68
2327,國巨*,00988A,61YTW,0,0.0,0.0,1550000.0,1.53,,2026-10-07,68
2330,台積電,00988A,61YTW,0,0.0,0.0,200000.0,0.97,,2026-10-07,68
2360,致茂,00988A,61YTW,0,0.0,0.0,200000.0,0.75,,2026-10-07,68
2383,台光電,00988A,61YTW,0,0.0,0.0,250000.0,2.78,,2026-10-07,68
2454,聯發科,00988A,61YTW,0,0.0,0.0,380000.0,3.43,,2026-10-07,68
285A JP,KIOXIA HOLDINGS CORP,00988A,61YTW,0,0.0,0.0,111000.0,0.78,,2026-10-07,68
300408 CH,CHAOZHOU THREE-CIRCLE GROU-A,00988A,61YTW,0,0.0,0.0,1000000.0,1.02,,2026-10-07,68
300757 CH,ROBOTECHNIK INTELLIGENT TE-A,00988A,61YTW,0,0.0,0.0,334997.0,1.58,,2026-10-07,68
301377 CH,GUANGDONG DTECH TECHNOLOGY-A,00988A,61YTW,0,0.0,0.0,291988.0,1.05,,2026-10-07,68
3017,奇鋐,00988A,61YTW,0,0.0,0.0,510000.0,3.38,,2026-10-07,68
3037,欣興,00988A,61YTW,0,0.0,0.0,2600000.0,6.34,,2026-10-07,68
3081,聯亞,00988A,61YTW,0,0.0,0.0,75000.0,0.44,,2026-10-07,68
3308 HK,ZHONGJI INNOLIGHT CO LTD-H,00988A,61YTW,0,0.0,0.0,220000.0,1.79,,2026-10-07,68
3436 JP,SUMCO CORP,00988A,61YTW,0,0.0,0.0,500000.0,0.64,,2026-10-07,68
3665,貿聯-KY,00988A,61YTW,0,0.0,0.0,190000.0,0.74,,2026-10-07,68
3711,日月光投控,00988A,61YTW,0,0.0,0.0,1000000.0,1.11,,2026-10-07,68
4062 JP,IBIDEN CO LTD,00988A,61YTW,0,0.0,0.0,60000.0,0.41,,2026-10-07,68
4979,華星光,00988A,61YTW,0,0.0,0.0,450000.0,0.5,,2026-10-07,68
5274,信驊,00988A,61YTW,0,0.0,0.0,29000.0,0.75,,2026-10-07,68
5706 JP,Mitsui Mining ＆ Smelting Co,00988A,61YTW,0,0.0,0.0,130000.0,1.81,,2026-10-07,68
5801 JP,FURUKAWA ELECTRIC CO LTD,00988A,61YTW,0,0.0,0.0,800000.0,1.33,,2026-10-07,68
603256 CH,GRACE FABRIC TECHNOLOGY CO-A,00988A,61YTW,0,0.0,0.0,580000.0,1.18,,2026-10-07,68
6223,旺矽,00988A,61YTW,0,0.0,0.0,242000.0,2.51,,2026-10-07,68
6274,台燿,00988A,61YTW,0,0.0,0.0,130000.0,0.33,,2026-10-07,68
6278 JP,UNION TOOL CO,00988A,61YTW,0,0.0,0.0,30000.0,0.19,,2026-10-07,68
6515,穎崴,00988A,61YTW,0,0.0,0.0,60000.0,0.66,,2026-10-07,68
6762 JP,TDK CORP,00988A,61YTW,0,0.0,0.0,700000.0,0.93,,2026-10-07,68
6869 HK,YANGTZE OPTICAL FIBRE AND-H,00988A,61YTW,0,0.0,0.0,260000.0,0.51,,2026-10-07,68
6871 JP,MICRONICS JAPAN CO LTD,00988A,61YTW,0,0.0,0.0,185000.0,0.87,,2026-10-07,68
688146 CH,PERIC SPECIAL GASES CO LTD-A,00988A,61YTW,0,0.0,0.0,240000.0,0.66,,2026-10-07,68
6920 JP,LASERTEC CORP,00988A,61YTW,0,0.0,0.0,65000.0,1.0,,2026-10-07,68
6963 JP,ROHM CO LTD,00988A,61YTW,0,0.0,0.0,710000.0,1.32,,2026-10-07,68
6976 JP,TAIYO YUDEN CO LTD,00988A,61YTW,0,0.0,0.0,180000.0,0.63,,2026-10-07,68
6981 JP,MURATA MANUFACTURING CO LTD,00988A,61YTW,0,0.0,0.0,1350000.0,4.4,,2026-10-07,68
6997 JP,NIPPON CHEMI-CON CORP,00988A,61YTW,0,0.0,0.0,200000.0,0.17,,2026-10-07,68
7220 JP,MUSASHI SEIMITSU INDUSTRY CO,00988A,61YTW,0,0.0,0.0,206400.0,0.44,,2026-10-07,68
7769,鴻勁,00988A,61YTW,0,0.0,0.0,36000.0,0.44,,2026-10-07,68
7826 JP,FURUYA METAL CO LTD,00988A,61YTW,0,0.0,0.0,374300.0,1.05,,2026-10-07,68
8035 JP,TOKYO ELECTRON LTD,00988A,61YTW,0,0.0,0.0,55000.0,1.13,,2026-10-07,68
992 HK,LENOVO GROUP LTD,00988A,61YTW,0,0.0,0.0,6000000.0,1.6,,2026-10-07,68
9988 HK,ALIBABA GROUP HOLDING LTD,00988A,61YTW,0,0.0,0.0,1000000.0,0.86,,2026-10-07,68
AAOI US,APPLIED OPTOELECTRONICS INC,00988A,61YTW,0,0.0,0.0,79677.0,1.13,,2026-10-07,68
AEHR US,AEHR TEST SYSTEMS,00988A,61YTW,0,0.0,0.0,70000.0,0.39,,2026-10-07,68
AEM US,AGNICO EAGLE MINES LTD,00988A,61YTW,0,0.0,0.0,60000.0,0.74,,2026-10-07,68
AIXA GY,AIXTRON SE,00988A,61YTW,0,0.0,0.0,13635.0,0.03,,2026-10-07,68
AMAT US,APPLIED MATERIALS INC,00988A,61YTW,0,0.0,0.0,48000.0,1.3,,2026-10-07,68
ARM US,ARM HOLDINGS PLC,00988A,61YTW,0,0.0,0.0,80000.0,1.42,,2026-10-07,68
AVGO US,BROADCOM LTD,00988A,61YTW,0,0.0,0.0,12500.0,0.41,,2026-10-07,68
AXTI US,AXT INC,00988A,61YTW,0,0.0,0.0,140000.0,0.68,,2026-10-07,68
BESI NA,BE SEMICONDUCTOR INDUSTRIES,00988A,61YTW,0,0.0,0.0,90000.0,1.53,,2026-10-07,68
CIEN US,CIENA CORP,00988A,61YTW,0,0.0,0.0,52000.0,1.54,,2026-10-07,68
COHR US,COHERENT INC,00988A,61YTW,0,0.0,0.0,50000.0,0.82,,2026-10-07,68
COIN US,COINBASE GLOBAL INC -CLASS A,00988A,61YTW,0,0.0,0.0,70000.0,0.74,,2026-10-07,68
CRCL US,CIRCLE INTERNET GROUP INC,00988A,61YTW,0,0.0,0.0,129169.0,0.71,,2026-10-07,68
CRDO US,CREDO TECHNOLOGY GROUP HOLDI,00988A,61YTW,0,0.0,0.0,100000.0,1.02,,2026-10-07,68
CRWD US,CROWDSTRIKE HOLDINGS INC - A,00988A,61YTW,0,0.0,0.0,130754.0,2.06,,2026-10-07,68
DASH US,DOORDASH INC - A,00988A,61YTW,0,0.0,0.0,50000.0,0.63,,2026-10-07,68
DDOG US,DATADOG INC - CLASS A,00988A,61YTW,0,0.0,0.0,60000.0,0.72,,2026-10-07,68
ENR GY,SIEMENS ENERGY AG,00988A,61YTW,0,0.0,0.0,75000.0,0.84,,2026-10-07,68
FORM US,FORMFACTOR INC,00988A,61YTW,0,0.0,0.0,150454.0,0.88,,2026-10-07,68
FTNT US,FORTINET INC,00988A,61YTW,0,0.0,0.0,100000.0,0.9,,2026-10-07,68
GEV US,GE VERNOVA INC,00988A,61YTW,0,0.0,0.0,19000.0,1.19,,2026-10-07,68
GLW US,CORNING INC,00988A,61YTW,0,0.0,0.0,56000.0,0.59,,2026-10-07,68
GOOGL US,ALPHABET INC-CL A(Alphabet公司),00988A,61YTW,0,0.0,0.0,44000.0,0.96,,2026-10-07,68
HOOD US,ROBINHOOD MARKETS INC - A,00988A,61YTW,0,0.0,0.0,400120.0,2.6,,2026-10-07,68
HOT GY,HOCHTIEF AG,00988A,61YTW,0,0.0,0.0,15200.0,0.51,,2026-10-07,68
IFX GY,INFINEON TECHNOLOGIES AG,00988A,61YTW,0,0.0,0.0,300000.0,1.22,,2026-10-07,68
IREN US,IREN LTD,00988A,61YTW,0,0.0,0.0,325000.0,0.75,,2026-10-07,68
KLAC US,KLA CORP,00988A,61YTW,0,0.0,0.0,160000.0,1.94,,2026-10-07,68
LITE US,LUMENTUM HOLDINGS INC,00988A,61YTW,0,0.0,0.0,117000.0,7.73,,2026-10-07,68
LMT US,LOCKHEED MARTIN CORP,00988A,61YTW,0,0.0,0.0,38000.0,1.18,,2026-10-07,68
MPWR US,MONOLITHIC POWER SYSTEMS INC,00988A,61YTW,0,0.0,0.0,18000.0,1.35,,2026-10-07,68
MSFT US,MICROSOFT CORP(微軟公司),00988A,61YTW,0,0.0,0.0,40000.0,1.22,,2026-10-07,68
MU US,MICRON TECHNOLOGY INC,00988A,61YTW,0,0.0,0.0,40000.0,2.59,,2026-10-07,68
NET US,CLOUDFLARE INC - CLASS A,00988A,61YTW,0,0.0,0.0,82000.0,1.67,,2026-10-07,68
NOK US,NOKIA CORP-SPON ADR,00988A,61YTW,0,0.0,0.0,2100000.0,1.54,,2026-10-07,68
NOW US,SERVICENOW INC,00988A,61YTW,0,0.0,0.0,230000.0,1.89,,2026-10-07,68
NTRA US,NATERA INC,00988A,61YTW,0,0.0,0.0,25000.0,0.63,,2026-10-07,68
NVDA US,NVIDIA CORP(輝達公司),00988A,61YTW,0,0.0,0.0,250000.0,3.53,,2026-10-07,68
OKTA US,OKTA INC,00988A,61YTW,0,0.0,0.0,200000.0,2.59,,2026-10-07,68
ORCL US,ORACLE CORP,00988A,61YTW,0,0.0,0.0,50000.0,0.65,,2026-10-07,68
PANW US,PALO ALTO NETWORKS INC,00988A,61YTW,0,0.0,0.0,150000.0,3.62,,2026-10-07,68
PLTR US,PALANTIR TECHNOLOGIES INC-A,00988A,61YTW,0,0.0,0.0,275000.0,3.17,,2026-10-07,68
SNOW US,SNOWFLAKE INC-CLASS A(Snowflake公司),00988A,61YTW,0,0.0,0.0,100000.0,1.98,,2026-10-07,68
SOI FP,S.O.I.T.E.C.,00988A,61YTW,0,0.0,0.0,27000.0,0.19,,2026-10-07,68
SPCX US,SPACE EXPLORATION TECHN-CL A,00988A,61YTW,0,0.0,0.0,550000.0,5.48,,2026-10-07,68
STM US,STMICROELECTRONICS NV-NY SHS,00988A,61YTW,0,0.0,0.0,300000.0,0.87,,2026-10-07,68
STX US,SEAGATE TECHNOLOGY,00988A,61YTW,0,0.0,0.0,20000.0,1.0,,2026-10-07,68
TSEM US,TOWER SEMICONDUCTOR LTD,00988A,61YTW,0,0.0,0.0,68249.0,0.82,,2026-10-07,68
TWLO US,TWILIO INC - A,00988A,61YTW,0,0.0,0.0,120000.0,1.95,,2026-10-07,68
VECO US,VEECO INSTRUMENTS INC,00988A,61YTW,0,0.0,0.0,7952.0,0.02,,2026-10-07,68
VIAV US,VIAVI SOLUTIONS INC,00988A,61YTW,0,0.0,0.0,150000.0,0.62,,2026-10-07,68
VSH US,VISHAY INTERTECHNOLOGY INC,00988A,61YTW,0,0.0,0.0,500000.0,1.13,,2026-10-07,68
WDC US,WESTERN DIGITAL CORP,00988A,61YTW,0,0.0,0.0,40000.0,1.04,,2026-10-07,68
SNDK US,SANDISK CORP,00988A,61YTW,0,-5000.0,0.0,5000.0,0.48,,2026-10-07,68
000660 KS,SK HYNIX INC,00988A,61YTW,0,-10258.0,0.0,14742.0,1.13,,2026-10-07,68
TER US,TERADYNE INC,00988A,61YTW,0,-35000.0,0.0,35000.0,0.86,,2026-10-07,68
INTC US,INTEL CORP,00988A,61YTW,0,-75000.0,0.0,400000.0,2.69,,2026-10-07,68
4180 JP,APPIER GROUP INC,00988A,61YTW,0,-200000.0,0.0,200000.0,0.1,,2026-10-07,68
2303,聯電,00988A,61YTW,0,-3600000.0,0.0,3600000.0,1.0,,2026-10-07,68
