stock_code,stock_name,holding_fund_count,holding_funds,average_weight,total_weight,max_weight,same_share_increase_count,same_share_decrease_count,active_increase_streak_fund_count,is_new_consensus
2383,台光電,7,"00403A, 00981A, 00988A, 00991A, 00992A, 00994A, 00997A",6.0277,42.194,10.044,1,0,1,False
2330,台積電,7,"00403A, 00981A, 00988A, 00991A, 00992A, 00994A, 00997A",8.6976,60.883,13.81,0,0,0,False
3037,欣興,7,"00403A, 00981A, 00988A, 00991A, 00992A, 00994A, 00997A",6.8677,48.074,8.584,0,2,0,False
2454,聯發科,7,"00403A, 00981A, 00988A, 00991A, 00992A, 00994A, 00997A",4.8794,34.156,8.44,0,2,0,False
2308,台達電,6,"00403A, 00981A, 00988A, 00991A, 00992A, 00994A",2.494,14.964,5.11,1,0,2,False
3017,奇鋐,6,"00403A, 00981A, 00988A, 00991A, 00992A, 00994A",5.8727,35.236,7.54,0,0,0,False
1303,南亞,5,"00403A, 00988A, 00991A, 00992A, 00994A",1.9682,9.841,3.091,2,0,2,False
6274,台燿,5,"00403A, 00981A, 00991A, 00992A, 00994A",2.3244,11.622,5.07,1,0,1,False
8046,南電,5,"00403A, 00981A, 00991A, 00992A, 00994A",4.232,21.16,6.35,0,0,0,False
3653,健策,5,"00403A, 00981A, 00991A, 00992A, 00994A",3.6336,18.168,5.98,0,0,0,False
6223,旺矽,5,"00403A, 00981A, 00991A, 00992A, 00994A",3.3014,16.507,4.78,0,0,0,False
6669,緯穎,5,"00403A, 00981A, 00991A, 00992A, 00994A",2.8196,14.098,3.33,0,0,0,False
2345,智邦,5,"00403A, 00981A, 00991A, 00992A, 00994A",2.6766,13.383,5.47,0,0,0,False
3665,貿聯-KY,5,"00403A, 00981A, 00991A, 00992A, 00994A",2.4786,12.393,5.98,0,1,0,False
2303,聯電,5,"00403A, 00981A, 00988A, 00991A, 00994A",1.9924,9.962,3.96,0,4,0,False
5274,信驊,5,"00403A, 00981A, 00991A, 00992A, 00994A",1.714,8.57,3.31,0,1,0,False
3711,日月光投控,5,"00403A, 00981A, 00991A, 00992A, 00994A",1.316,6.58,2.33,0,0,0,False
3008,大立光,5,"00403A, 00981A, 00991A, 00992A, 00994A",1.1658,5.829,4.45,0,0,0,False
2360,致茂,5,"00403A, 00981A, 00991A, 00992A, 00994A",0.5326,2.663,1.43,0,0,0,False
3443,創意,4,"00403A, 00981A, 00992A, 00994A",2.9875,11.95,3.87,2,0,2,False
2059,川湖,4,"00403A, 00991A, 00992A, 00994A",4.3078,17.231,7.641,0,1,0,False
2327,國巨*,4,"00403A, 00981A, 00991A, 00994A",3.5423,14.169,4.96,0,2,0,False
3189,景碩,4,"00403A, 00991A, 00992A, 00994A",3.4362,13.745,6.135,0,0,0,False
2408,南亞科,4,"00403A, 00981A, 00991A, 00994A",2.4058,9.623,7.623,0,2,0,False
8996,高力,4,"00403A, 00981A, 00992A, 00994A",2.3125,9.25,5.78,0,0,0,False
3081,聯亞,4,"00988A, 00991A, 00992A, 00994A",1.3698,5.479,2.899,0,0,0,False
2449,京元電子,4,"00403A, 00981A, 00991A, 00994A",0.8103,3.241,1.3,0,0,0,False
2368,金像電,3,"00403A, 00981A, 00994A",0.7867,2.36,1.35,2,0,3,False
3026,禾伸堂企,3,"00991A, 00992A, 00994A",1.1027,3.308,2.568,0,1,0,False
6805,富世達,3,"00403A, 00981A, 00994A",1.0033,3.01,1.87,0,1,0,False
6488,環球晶,3,"00403A, 00981A, 00994A",0.9033,2.71,2.33,0,0,0,False
2481,強茂,3,"00403A, 00981A, 00994A",0.41,1.23,1.07,0,0,0,False
6187,萬潤,3,"00981A, 00992A, 00994A",0.3433,1.03,0.51,0,0,0,False
2317,鴻海,3,"00403A, 00981A, 00991A",0.1877,0.563,0.56,0,0,0,False
7769,鴻勁,3,"00403A, 00991A, 00994A",0.1657,0.497,0.49,0,0,0,False
5347,世界,3,"00981A, 00991A, 00992A",0.0907,0.272,0.27,0,0,0,False
3264,欣銓,3,"00403A, 00981A, 00994A",0.0833,0.25,0.25,0,2,0,False
NVDA US,NVIDIA CORP(輝達公司),2,"00988A, 00997A",3.455,6.91,3.48,1,0,1,False
LITE US,LUMENTUM HOLDINGS INC,2,"00988A, 00997A",5.7,11.4,7.44,0,0,0,False
BE US,BLOOM ENERGY CORP- A,2,"00988A, 00997A",3.98,7.96,6.51,0,0,0,False
MU US,MICRON TECHNOLOGY INC,2,"00988A, 00997A",3.79,7.58,4.67,0,1,0,False
009150 KS,Samsung Electro-Mechanics co(009150 ks),2,"00988A, 00997A",3.725,7.45,4.79,0,0,0,False
INTC US,INTEL CORP,2,"00988A, 00997A",3.285,6.57,3.72,0,0,0,False
SPCX US,SPACE EXPLORATION TECHN-CL A,2,"00988A, 00997A",3.18,6.36,5.48,0,0,0,False
CRWD US,CROWDSTRIKE HOLDINGS INC - A,2,"00988A, 00997A",3.165,6.33,4.25,0,0,0,False
PANW US,PALO ALTO NETWORKS INC,2,"00988A, 00997A",3.055,6.11,3.55,0,0,0,False
MRVL US,MARVELL TECHNOLOGY INC,2,"00988A, 00997A",2.585,5.17,3.75,0,0,0,False
AMD US,ADVANCED MICRO DEVICES.amd us(超微半導體公司),2,"00988A, 00997A",2.56,5.12,3.28,0,0,0,False
SNDK US,SANDISK CORP,2,"00988A, 00997A",2.29,4.58,4.08,0,0,0,False
PLTR US,PALANTIR TECHNOLOGIES INC-A,2,"00988A, 00997A",2.06,4.12,3.03,0,0,0,False
OKTA US,OKTA INC,2,"00988A, 00997A",2.0,4.0,2.03,0,0,0,False
SNOW US,SNOWFLAKE INC-CLASS A(Snowflake公司),2,"00988A, 00997A",1.74,3.48,1.97,0,1,0,False
HOOD US,ROBINHOOD MARKETS INC - A,2,"00988A, 00997A",1.715,3.43,2.66,0,0,0,False
3231,緯創資通,2,"00991A, 00992A",1.521,3.042,3.04,0,0,0,False
285A JP,KIOXIA HOLDINGS CORP,2,"00988A, 00997A",0.8,1.6,0.82,0,0,0,False
2455,全新,2,"00403A, 00992A",0.67,1.34,1.26,0,1,0,False
4958,臻鼎-KY,2,"00981A, 00992A",0.635,1.27,1.27,0,1,0,False
6239,力成,2,"00403A, 00994A",0.57,1.14,1.14,0,0,0,False
6515,穎崴,2,"00981A, 00992A",0.44,0.88,0.69,0,0,0,False
8150,南茂,2,"00981A, 00992A",0.275,0.55,0.55,0,0,0,False
2301,光寶科,2,"00403A, 00992A",0.25,0.5,0.44,0,0,0,False
1560,中砂,2,"00403A, 00994A",0.235,0.47,0.34,0,0,0,False
2404,漢唐,2,"00403A, 00992A",0.23,0.46,0.46,0,0,0,False
2357,華碩電腦,2,"00991A, 00992A",0.2155,0.431,0.43,0,0,0,False
2882,國泰金,2,"00403A, 00991A",0.1555,0.311,0.31,0,0,0,False
2313,華通,2,"00981A, 00991A",0.02,0.04,0.04,0,0,0,False
8358,金居,2,"00403A, 00981A",0.01,0.02,0.02,0,0,0,False
2382,廣達,2,"00981A, 00991A",0.002,0.004,0.004,0,0,0,False
8299,群聯,2,"00403A, 00991A",0.0015,0.003,0.003,0,0,0,False
